delete from PATIENTBOOK;

delete from CASHREGISTER;

delete from NURSE;

delete from PATIENT;

delete from LOGIN;

delete from CASHIER;

delete from PHARMACY;

delete from DOCTOR;

delete from PERSON;

insert into PERSON (ID_PERSON, NAME, SURNAME, TYPE, PHONE, POBOX, EMAIL, HOME, PHOTO) values (4, 'G42LqW', 'A0Lot2', 'WxKC8d', 'F1lnQE', 'FWOGMi', 'ADADMU', '6J6rie', 'H');

insert into PERSON (ID_PERSON, NAME, SURNAME, TYPE, PHONE, POBOX, EMAIL, HOME, PHOTO) values (13, 'S5l fs', 'J8 2sX', 'QgJq7s', 'Nhhdr9', 'Uewl2A', 'YEJ2hM', '3lm7tn', 'I');

insert into PERSON (ID_PERSON, NAME, SURNAME, TYPE, PHONE, POBOX, EMAIL, HOME, PHOTO) values (12, '7N7Nfk', 'CSw4KE', 'RaLqrO', 'Fi8iCX', 'I3YZ0O', 'Ka9Q0V', 'YPqsXa', ' ');

insert into PERSON (ID_PERSON, NAME, SURNAME, TYPE, PHONE, POBOX, EMAIL, HOME, PHOTO) values (10, 'S tk5L', '7DR6oG', 'G2VJ8p', 'JZXSeP', 'PWxI4i', 'Ts1L8p', '617 vc', '0');

insert into PERSON (ID_PERSON, NAME, SURNAME, TYPE, PHONE, POBOX, EMAIL, HOME, PHOTO) values (17, 'YPB1MH', 'SFXpag', 'QSR20u', 'O4vskn', 'Rv2neq', '7F2xMt', '6AODbF', '1');

insert into PERSON (ID_PERSON, NAME, SURNAME, TYPE, PHONE, POBOX, EMAIL, HOME, PHOTO) values (14, 'M1jkZ4', '1QlKhG', '293mGV', 'ET2I7C', 'OCnRen', 'W3yaJo', '4XHFMY', '2');

insert into PERSON (ID_PERSON, NAME, SURNAME, TYPE, PHONE, POBOX, EMAIL, HOME, PHOTO) values (7, '4pK7PI', 'OcP7xJ', '8HtDCJ', 'MKCYTY', 'DLAGOx', 'Lo qIt', 'E4ZhpT', '3');

insert into PERSON (ID_PERSON, NAME, SURNAME, TYPE, PHONE, POBOX, EMAIL, HOME, PHOTO) values (1, 'OKwERi', 'OUyKDq', 'JDnqmy', 'EJBXfr', 'ER9O9H', 'Wf9JfI', 'IH6eZn', '4');

insert into PERSON (ID_PERSON, NAME, SURNAME, TYPE, PHONE, POBOX, EMAIL, HOME, PHOTO) values (6, '61J Qo', 'LRVMRR', '3BNXkj', 'LeAhEY', 'Lx5vrs', 'CIhQ7q', 'Mv14dE', '5');

insert into PERSON (ID_PERSON, NAME, SURNAME, TYPE, PHONE, POBOX, EMAIL, HOME, PHOTO) values (11, '1UeZZs', 'Rermi3', 'DCRChZ', 'W6JMHb', 'VZ9xuI', 'Tt3K9Q', 'Xfccwx', '6');

insert into PERSON (ID_PERSON, NAME, SURNAME, TYPE, PHONE, POBOX, EMAIL, HOME, PHOTO) values (8, 'PVpb7E', 'FMvD 9', 'FhSOf5', '0CGF7X', 'Jytv3n', 'XWtedm', 'PfpfZv', '7');

insert into PERSON (ID_PERSON, NAME, SURNAME, TYPE, PHONE, POBOX, EMAIL, HOME, PHOTO) values (15, '7ZkUND', 'B1BeBt', 'Rorb7M', '4lFSGf', '1nGd7h', '07MVKi', 'DvPSNO', '8');

insert into PERSON (ID_PERSON, NAME, SURNAME, TYPE, PHONE, POBOX, EMAIL, HOME, PHOTO) values (19, 'BQ9Gae', '1mkiD ', '1HFckq', 'T4EFIZ', 'XZnkIq', 'Rg7jUp', 'NN 6QX', '9');

insert into PERSON (ID_PERSON, NAME, SURNAME, TYPE, PHONE, POBOX, EMAIL, HOME, PHOTO) values (16, 'OaptUC', 'J0oaJq', '91gTik', '2ci3Jj', 'EU9055', '971e3M', 'YK5IoY', 'A');

insert into PERSON (ID_PERSON, NAME, SURNAME, TYPE, PHONE, POBOX, EMAIL, HOME, PHOTO) values (18, 'ET2s1T', 'MgN4K1', 'Y4lCD ', 'JSQNJm', 'UM5Yfj', '9YrDSk', 'EYAvss', 'B');

insert into PERSON (ID_PERSON, NAME, SURNAME, TYPE, PHONE, POBOX, EMAIL, HOME, PHOTO) values (5, 'Ry1aob', 'UK2txR', 'KdNw0T', '1PW25t', 'SVjFti', 'EXjTLS', '7gOuPK', 'C');

insert into PERSON (ID_PERSON, NAME, SURNAME, TYPE, PHONE, POBOX, EMAIL, HOME, PHOTO) values (9, 'UTlEwU', 'DaukZS', 'Ey9g d', 'W9mXbx', 'Ow Jts', 'JkGKfD', '81vPBH', 'D');

insert into PERSON (ID_PERSON, NAME, SURNAME, TYPE, PHONE, POBOX, EMAIL, HOME, PHOTO) values (2, 'Rc1L8y', 'Yik Hb', 'AuLhUf', '3BHqLb', 'B0Hmyl', 'IcguDw', 'ElBial', 'E');

insert into PERSON (ID_PERSON, NAME, SURNAME, TYPE, PHONE, POBOX, EMAIL, HOME, PHOTO) values (3, '1mNrTG', 'NgtguS', 'RZCc65', 'C4NKX6', 'VdcpeO', 'GpOoNb', 'KuWbd4', 'F');

insert into PERSON (ID_PERSON, NAME, SURNAME, TYPE, PHONE, POBOX, EMAIL, HOME, PHOTO) values (0, '77ESAE', 'CT4s1P', 'GjlDxg', 'R3aTw ', '56kFUt', 'Rxu7A ', 'GqSG4v', 'G');

insert into DOCTOR (ID_DOCTOR, ID_PERSON, SPECIALITY, HOURSSTART, HOURSEND) values (3, 4, 'P7djJ9', '2020-5-22 13:16:1', '2020-2-13 8:54:9');

insert into DOCTOR (ID_DOCTOR, ID_PERSON, SPECIALITY, HOURSSTART, HOURSEND) values (6, 7, '4AFKTT', '2019-6-28 0:59:4', '2020-5-7 12:30:0');

insert into DOCTOR (ID_DOCTOR, ID_PERSON, SPECIALITY, HOURSSTART, HOURSEND) values (4, 2, 'S1K4Xd', '2020-9-24 17:31:17', '2020-9-17 17:15:37');

insert into DOCTOR (ID_DOCTOR, ID_PERSON, SPECIALITY, HOURSSTART, HOURSEND) values (8, 19, ' jTTuX', '2020-1-24 8:7:0', '2019-6-24 0:57:29');

insert into DOCTOR (ID_DOCTOR, ID_PERSON, SPECIALITY, HOURSSTART, HOURSEND) values (16, 7, 'S yIy5', '2020-12-10 19:11:58', '2019-5-20 0:0:0');

insert into DOCTOR (ID_DOCTOR, ID_PERSON, SPECIALITY, HOURSSTART, HOURSEND) values (2, 12, 'EpOiAc', '2020-2-21 9:9:29', '2019-8-7 2:28:9');

insert into DOCTOR (ID_DOCTOR, ID_PERSON, SPECIALITY, HOURSSTART, HOURSEND) values (9, 17, 'D3bB40', '2020-7-8 14:52:16', '2019-10-26 5:11:42');

insert into DOCTOR (ID_DOCTOR, ID_PERSON, SPECIALITY, HOURSSTART, HOURSEND) values (18, 14, 'S0H7uI', '2020-11-6 18:33:9', '2020-8-5 15:40:47');

insert into DOCTOR (ID_DOCTOR, ID_PERSON, SPECIALITY, HOURSSTART, HOURSEND) values (19, 7, 'JsM19G', '2021-2-14 21:11:11', '2020-12-2 19:29:6');

insert into DOCTOR (ID_DOCTOR, ID_PERSON, SPECIALITY, HOURSSTART, HOURSEND) values (14, 2, 'WQmsU5', '2019-12-9 7:20:24', '2021-3-1 21:59:1');

insert into DOCTOR (ID_DOCTOR, ID_PERSON, SPECIALITY, HOURSSTART, HOURSEND) values (1, 9, 'UOHLCY', '2019-10-7 5:9:58', '2020-6-22 14:2:3');

insert into DOCTOR (ID_DOCTOR, ID_PERSON, SPECIALITY, HOURSSTART, HOURSEND) values (11, 4, '8gwd2w', '2019-5-20 0:0:0', '2019-9-13 3:58:0');

insert into DOCTOR (ID_DOCTOR, ID_PERSON, SPECIALITY, HOURSSTART, HOURSEND) values (10, 17, 'EVxJJD', '2019-7-22 2:20:12', '2020-1-8 7:55:6');

insert into DOCTOR (ID_DOCTOR, ID_PERSON, SPECIALITY, HOURSSTART, HOURSEND) values (13, 17, 'VPyApw', '2020-8-12 16:23:14', '2019-11-24 6:29:48');

insert into DOCTOR (ID_DOCTOR, ID_PERSON, SPECIALITY, HOURSSTART, HOURSEND) values (12, 1, 'E0k L5', '2021-1-23 20:25:40', '2020-3-28 10:54:1');

insert into DOCTOR (ID_DOCTOR, ID_PERSON, SPECIALITY, HOURSSTART, HOURSEND) values (15, 12, 'OCghUU', '2021-3-5 22:33:30', '2020-3-7 9:35:7');

insert into DOCTOR (ID_DOCTOR, ID_PERSON, SPECIALITY, HOURSSTART, HOURSEND) values (7, 9, 'WyB39a', '2019-8-25 3:34:26', '2021-1-8 20:49:56');

insert into DOCTOR (ID_DOCTOR, ID_PERSON, SPECIALITY, HOURSSTART, HOURSEND) values (17, 12, '0LiEhC', '2019-11-11 6:14:48', '2021-4-14 22:37:40');

insert into DOCTOR (ID_DOCTOR, ID_PERSON, SPECIALITY, HOURSSTART, HOURSEND) values (5, 19, 'VwiGNE', '2020-4-12 11:40:0', '2020-10-17 18:7:12');

insert into DOCTOR (ID_DOCTOR, ID_PERSON, SPECIALITY, HOURSSTART, HOURSEND) values (0, 12, 'V907aZ', '2020-3-11 10:45:58', '2020-2-13 8:54:9');

insert into PHARMACY (ID_PRODUCT, NAME, PRICE, STOCK) values (1, 'TPWSP0', 0, 7);

insert into PHARMACY (ID_PRODUCT, NAME, PRICE, STOCK) values (12, 'MucTLU', 18, 12);

insert into PHARMACY (ID_PRODUCT, NAME, PRICE, STOCK) values (7, 'WBSgEC', 2, 11);

insert into PHARMACY (ID_PRODUCT, NAME, PRICE, STOCK) values (6, ' PuPZX', 4, 9);

insert into PHARMACY (ID_PRODUCT, NAME, PRICE, STOCK) values (4, 'PYxGQX', 17, 6);

insert into PHARMACY (ID_PRODUCT, NAME, PRICE, STOCK) values (17, 'PTfH93', 6, 10);

insert into PHARMACY (ID_PRODUCT, NAME, PRICE, STOCK) values (13, 'NIs2V ', 5, 13);

insert into PHARMACY (ID_PRODUCT, NAME, PRICE, STOCK) values (18, '6phZuX', 12, 0);

insert into PHARMACY (ID_PRODUCT, NAME, PRICE, STOCK) values (19, '4ipEa8', 7, 15);

insert into PHARMACY (ID_PRODUCT, NAME, PRICE, STOCK) values (3, 'IiNSws', 19, 1);

insert into PHARMACY (ID_PRODUCT, NAME, PRICE, STOCK) values (0, 'C4KVLP', 16, 2);

insert into PHARMACY (ID_PRODUCT, NAME, PRICE, STOCK) values (14, '5Bfmhk', 13, 14);

insert into PHARMACY (ID_PRODUCT, NAME, PRICE, STOCK) values (9, 'LCAs7A', 8, 4);

insert into PHARMACY (ID_PRODUCT, NAME, PRICE, STOCK) values (11, 'TEDFNs', 14, 8);

insert into PHARMACY (ID_PRODUCT, NAME, PRICE, STOCK) values (10, 'Q6FK6i', 9, 19);

insert into PHARMACY (ID_PRODUCT, NAME, PRICE, STOCK) values (15, 'SofoKL', 1, 3);

insert into PHARMACY (ID_PRODUCT, NAME, PRICE, STOCK) values (16, 'L r3Cc', 15, 16);

insert into PHARMACY (ID_PRODUCT, NAME, PRICE, STOCK) values (8, 'BMkxIT', 11, 18);

insert into PHARMACY (ID_PRODUCT, NAME, PRICE, STOCK) values (5, 'XbonDn', 10, 17);

insert into PHARMACY (ID_PRODUCT, NAME, PRICE, STOCK) values (2, 'DlLbTZ', 3, 5);

insert into CASHIER (ID_CASHIER, ID_PERSON, PASSWORD, HOURSSTART, HOURSEND) values (7, 4, '4ttEQd', '2020-9-18 12:51:39', '2019-5-20 0:0:0');

insert into CASHIER (ID_CASHIER, ID_PERSON, PASSWORD, HOURSSTART, HOURSEND) values (11, 5, 'LJqJOI', '2020-6-24 9:57:43', '2019-11-28 7:28:4');

insert into CASHIER (ID_CASHIER, ID_PERSON, PASSWORD, HOURSSTART, HOURSEND) values (17, 11, '7hQWiC', '2019-8-11 1:56:36', '2019-9-23 4:39:7');

insert into CASHIER (ID_CASHIER, ID_PERSON, PASSWORD, HOURSSTART, HOURSEND) values (14, 11, 'TLiwjj', '2019-11-28 4:32:25', '2020-2-7 11:56:3');

insert into CASHIER (ID_CASHIER, ID_PERSON, PASSWORD, HOURSSTART, HOURSEND) values (0, 14, 'Q1b7RM', '2020-5-4 9:15:34', '2020-4-3 14:15:19');

insert into CASHIER (ID_CASHIER, ID_PERSON, PASSWORD, HOURSSTART, HOURSEND) values (6, 18, '19xnMH', '2020-8-3 12:11:4', '2019-10-15 5:49:52');

insert into CASHIER (ID_CASHIER, ID_PERSON, PASSWORD, HOURSSTART, HOURSEND) values (16, 11, 'W 3uXK', '2020-10-29 13:57:36', '2020-7-4 16:58:34');

insert into CASHIER (ID_CASHIER, ID_PERSON, PASSWORD, HOURSSTART, HOURSEND) values (4, 4, 'XrU2ey', '2021-3-9 17:2:44', '2019-9-3 3:22:39');

insert into CASHIER (ID_CASHIER, ID_PERSON, PASSWORD, HOURSSTART, HOURSEND) values (13, 11, 'D7OZcd', '2021-1-30 16:2:54', '2021-1-22 23:49:59');

insert into CASHIER (ID_CASHIER, ID_PERSON, PASSWORD, HOURSSTART, HOURSEND) values (12, 13, 'BeEv7X', '2019-11-9 3:57:9', '2019-7-3 0:56:48');

insert into CASHIER (ID_CASHIER, ID_PERSON, PASSWORD, HOURSSTART, HOURSEND) values (1, 17, 'U9Yi6u', '2020-2-2 6:30:14', '2020-10-4 19:13:15');

insert into CASHIER (ID_CASHIER, ID_PERSON, PASSWORD, HOURSSTART, HOURSEND) values (19, 9, 'JldA87', '2020-3-20 7:56:44', '2020-1-16 10:18:20');

insert into CASHIER (ID_CASHIER, ID_PERSON, PASSWORD, HOURSSTART, HOURSEND) values (9, 9, 'IPdFN4', '2021-4-21 18:11:4', '2020-3-14 12:58:2');

insert into CASHIER (ID_CASHIER, ID_PERSON, PASSWORD, HOURSSTART, HOURSEND) values (15, 5, 'AR8MYa', '2019-9-26 3:7:55', '2020-11-18 19:55:56');

insert into CASHIER (ID_CASHIER, ID_PERSON, PASSWORD, HOURSSTART, HOURSEND) values (10, 15, 'IKwskN', '2019-6-22 0:41:13', '2019-8-6 1:47:25');

insert into CASHIER (ID_CASHIER, ID_PERSON, PASSWORD, HOURSSTART, HOURSEND) values (2, 13, 'GLOEkn', '2020-12-25 15:15:15', '2020-8-27 17:49:26');

insert into CASHIER (ID_CASHIER, ID_PERSON, PASSWORD, HOURSSTART, HOURSEND) values (18, 8, 'FIi15T', '2020-7-12 10:31:26', '2021-1-4 22:19:38');

insert into CASHIER (ID_CASHIER, ID_PERSON, PASSWORD, HOURSSTART, HOURSEND) values (3, 19, 'H8CgCO', '2019-5-20 0:0:0', '2020-12-13 20:50:1');

insert into CASHIER (ID_CASHIER, ID_PERSON, PASSWORD, HOURSSTART, HOURSEND) values (8, 6, 'APa1dH', '2020-11-29 14:31:40', '2020-5-17 15:31:22');

insert into CASHIER (ID_CASHIER, ID_PERSON, PASSWORD, HOURSSTART, HOURSEND) values (5, 15, 'ALJPDc', '2020-1-3 5:21:17', '2019-12-27 8:41:47');

insert into LOGIN (ID_LOGIN, ID_PERSON, USERNAME, PASSWORD) values (1, 4, '1', 'OgN6Jh');

insert into LOGIN (ID_LOGIN, ID_PERSON, USERNAME, PASSWORD) values (17, 3, '2', 'CriGHf');

insert into LOGIN (ID_LOGIN, ID_PERSON, USERNAME, PASSWORD) values (8, 15, '3', 'OQewq7');

insert into LOGIN (ID_LOGIN, ID_PERSON, USERNAME, PASSWORD) values (7, 2, '4', ' 5lvyH');

insert into LOGIN (ID_LOGIN, ID_PERSON, USERNAME, PASSWORD) values (15, 6, '5', 'OFpGt ');

insert into LOGIN (ID_LOGIN, ID_PERSON, USERNAME, PASSWORD) values (2, 6, '6', 'GKqh8k');

insert into LOGIN (ID_LOGIN, ID_PERSON, USERNAME, PASSWORD) values (10, 10, '7', 'FqgiGP');

insert into LOGIN (ID_LOGIN, ID_PERSON, USERNAME, PASSWORD) values (19, 8, '8', 'N4qXWn');

insert into LOGIN (ID_LOGIN, ID_PERSON, USERNAME, PASSWORD) values (14, 4, '9', 'G7IWLR');

insert into LOGIN (ID_LOGIN, ID_PERSON, USERNAME, PASSWORD) values (18, 6, 'A', 'NK SZk');

insert into LOGIN (ID_LOGIN, ID_PERSON, USERNAME, PASSWORD) values (11, 10, 'B', 'VxGIaC');

insert into LOGIN (ID_LOGIN, ID_PERSON, USERNAME, PASSWORD) values (9, 4, 'C', 'HheFVo');

insert into LOGIN (ID_LOGIN, ID_PERSON, USERNAME, PASSWORD) values (6, 19, 'D', 'DZxas8');

insert into LOGIN (ID_LOGIN, ID_PERSON, USERNAME, PASSWORD) values (4, 17, 'E', 'E9qeS1');

insert into LOGIN (ID_LOGIN, ID_PERSON, USERNAME, PASSWORD) values (12, 16, 'F', 'HnA0s1');

insert into LOGIN (ID_LOGIN, ID_PERSON, USERNAME, PASSWORD) values (13, 3, 'G', 'Bypqx3');

insert into LOGIN (ID_LOGIN, ID_PERSON, USERNAME, PASSWORD) values (16, 14, 'H', 'F2Q3HG');

insert into LOGIN (ID_LOGIN, ID_PERSON, USERNAME, PASSWORD) values (5, 7, 'I', ' H0M8c');

insert into LOGIN (ID_LOGIN, ID_PERSON, USERNAME, PASSWORD) values (3, 6, ' ', 'GDd80h');

insert into LOGIN (ID_LOGIN, ID_PERSON, USERNAME, PASSWORD) values (0, 2, '0', '6fWAQK');

insert into PATIENT (ID_PATIENT, ID_PERSON, DATE, ROOMNUMBER, CHECKOUT, DIAGNOSIS) values (14, 4, '2020-6-11 13:5:59', 17, '12:53:30', 'AvJT1e');

insert into PATIENT (ID_PATIENT, ID_PERSON, DATE, ROOMNUMBER, CHECKOUT, DIAGNOSIS) values (10, 6, '2020-12-8 18:14:18', 9, '18:8:25', 'QMg2Ea');

insert into PATIENT (ID_PATIENT, ID_PERSON, DATE, ROOMNUMBER, CHECKOUT, DIAGNOSIS) values (7, 7, '2021-4-23 20:57:57', 7, '11:17:36', 'VhQMuR');

insert into PATIENT (ID_PATIENT, ID_PERSON, DATE, ROOMNUMBER, CHECKOUT, DIAGNOSIS) values (8, 15, '2020-9-8 15:35:50', 14, '3:10:52', 'PKm3HC');

insert into PATIENT (ID_PATIENT, ID_PERSON, DATE, ROOMNUMBER, CHECKOUT, DIAGNOSIS) values (6, 17, '2021-1-28 19:26:29', 1, '4:18:16', ' lNaXI');

insert into PATIENT (ID_PATIENT, ID_PERSON, DATE, ROOMNUMBER, CHECKOUT, DIAGNOSIS) values (5, 19, '2020-5-18 12:24:4', 6, '0:0:0', 'NZ061n');

insert into PATIENT (ID_PATIENT, ID_PERSON, DATE, ROOMNUMBER, CHECKOUT, DIAGNOSIS) values (1, 14, '2019-6-12 1:30:34', 5, '5:20:13', 'IGNRTq');

insert into PATIENT (ID_PATIENT, ID_PERSON, DATE, ROOMNUMBER, CHECKOUT, DIAGNOSIS) values (18, 1, '2019-10-25 5:33:49', 10, '10:0:47', 'X0KJgp');

insert into PATIENT (ID_PATIENT, ID_PERSON, DATE, ROOMNUMBER, CHECKOUT, DIAGNOSIS) values (15, 17, '2019-7-16 2:41:51', 0, '7:4:54', 'NofywC');

insert into PATIENT (ID_PATIENT, ID_PERSON, DATE, ROOMNUMBER, CHECKOUT, DIAGNOSIS) values (13, 4, '2019-12-31 8:8:42', 11, '16:43:4', '3q457l');

insert into PATIENT (ID_PATIENT, ID_PERSON, DATE, ROOMNUMBER, CHECKOUT, DIAGNOSIS) values (3, 18, '2020-1-28 9:47:52', 2, '6:13:58', 'PgVhEf');

insert into PATIENT (ID_PATIENT, ID_PERSON, DATE, ROOMNUMBER, CHECKOUT, DIAGNOSIS) values (11, 6, '2021-3-18 20:13:22', 19, '0:51:17', 'ZfAxJr');

insert into PATIENT (ID_PATIENT, ID_PERSON, DATE, ROOMNUMBER, CHECKOUT, DIAGNOSIS) values (2, 3, '2020-11-6 17:26:27', 3, '9:20:37', 'HfmqJm');

insert into PATIENT (ID_PATIENT, ID_PERSON, DATE, ROOMNUMBER, CHECKOUT, DIAGNOSIS) values (12, 16, '2019-5-20 0:0:0', 4, '1:42:22', 'K5ZIsN');

insert into PATIENT (ID_PATIENT, ID_PERSON, DATE, ROOMNUMBER, CHECKOUT, DIAGNOSIS) values (4, 17, '2019-11-18 6:42:10', 13, '8:12:44', 'E9rm1R');

insert into PATIENT (ID_PATIENT, ID_PERSON, DATE, ROOMNUMBER, CHECKOUT, DIAGNOSIS) values (19, 11, '2019-9-5 4:14:39', 12, '19:23:40', 'ND6jUC');

insert into PATIENT (ID_PATIENT, ID_PERSON, DATE, ROOMNUMBER, CHECKOUT, DIAGNOSIS) values (17, 3, '2020-2-22 10:58:55', 18, '14:18:53', 'Dhjasl');

insert into PATIENT (ID_PATIENT, ID_PERSON, DATE, ROOMNUMBER, CHECKOUT, DIAGNOSIS) values (9, 4, '2020-8-1 14:40:43', 16, '12:6:4', 'ICGFn ');

insert into PATIENT (ID_PATIENT, ID_PERSON, DATE, ROOMNUMBER, CHECKOUT, DIAGNOSIS) values (0, 12, '2020-10-12 16:32:46', 15, '2:23:4', 'De0bUG');

insert into PATIENT (ID_PATIENT, ID_PERSON, DATE, ROOMNUMBER, CHECKOUT, DIAGNOSIS) values (16, 15, '2020-3-30 11:45:46', 8, '15:49:39', 'R KFjB');

insert into NURSE (ID_NURSE, ID_PERSON, HOURSSTART, HOURSEND) values (18, 4, '2019-5-20 0:0:0', '2020-5-17 10:52:48');

insert into NURSE (ID_NURSE, ID_PERSON, HOURSSTART, HOURSEND) values (3, 15, '2020-9-27 16:27:42', '2020-10-10 15:3:25');

insert into NURSE (ID_NURSE, ID_PERSON, HOURSSTART, HOURSEND) values (8, 10, '2020-4-20 9:40:59', '2021-4-29 21:48:28');

insert into NURSE (ID_NURSE, ID_PERSON, HOURSSTART, HOURSEND) values (13, 6, '2020-2-28 7:28:2', '2019-9-25 3:58:45');

insert into NURSE (ID_NURSE, ID_PERSON, HOURSSTART, HOURSEND) values (9, 14, '2020-7-12 14:25:41', '2020-6-14 11:33:58');

insert into NURSE (ID_NURSE, ID_PERSON, HOURSSTART, HOURSEND) values (6, 4, '2021-1-22 20:59:24', '2019-9-5 3:3:54');

insert into NURSE (ID_NURSE, ID_PERSON, HOURSSTART, HOURSEND) values (7, 15, '2019-7-5 0:56:14', '2021-1-18 18:5:3');

insert into NURSE (ID_NURSE, ID_PERSON, HOURSSTART, HOURSEND) values (5, 6, '2020-5-8 11:8:0', '2021-2-10 19:13:3');

insert into NURSE (ID_NURSE, ID_PERSON, HOURSSTART, HOURSEND) values (10, 9, '2020-8-10 15:10:13', '2021-3-31 20:40:48');

insert into NURSE (ID_NURSE, ID_PERSON, HOURSSTART, HOURSEND) values (19, 2, '2020-3-26 8:23:49', '2019-12-17 5:50:50');

insert into NURSE (ID_NURSE, ID_PERSON, HOURSSTART, HOURSEND) values (11, 12, '2021-2-18 21:47:0', '2020-4-11 9:37:11');

insert into NURSE (ID_NURSE, ID_PERSON, HOURSSTART, HOURSEND) values (16, 16, '2019-8-21 1:29:45', '2020-12-3 16:29:21');

insert into NURSE (ID_NURSE, ID_PERSON, HOURSSTART, HOURSEND) values (0, 6, '2020-6-21 12:49:10', '2020-2-7 7:24:9');

insert into NURSE (ID_NURSE, ID_PERSON, HOURSSTART, HOURSEND) values (15, 10, '2019-12-25 5:7:49', '2019-5-20 0:0:0');

insert into NURSE (ID_NURSE, ID_PERSON, HOURSSTART, HOURSEND) values (17, 18, '2020-1-15 6:7:2', '2020-7-30 13:0:38');

insert into NURSE (ID_NURSE, ID_PERSON, HOURSSTART, HOURSEND) values (4, 10, '2020-12-7 18:45:34', '2019-10-28 4:57:28');

insert into NURSE (ID_NURSE, ID_PERSON, HOURSSTART, HOURSEND) values (2, 9, '2019-9-22 2:34:52', '2019-7-13 1:34:38');

insert into NURSE (ID_NURSE, ID_PERSON, HOURSSTART, HOURSEND) values (1, 4, '2020-11-1 17:45:12', '2020-8-20 13:35:10');

insert into NURSE (ID_NURSE, ID_PERSON, HOURSSTART, HOURSEND) values (12, 16, '2021-1-3 19:59:17', '2020-12-25 17:15:54');

insert into NURSE (ID_NURSE, ID_PERSON, HOURSSTART, HOURSEND) values (14, 12, '2019-11-12 4:9:37', '2020-3-19 8:25:41');

insert into CASHREGISTER (ID_TRANSACTION, ID_PRODUCT, ID_CASHIER, ID_PERSON, AMOUNT, DATE, TOTAL) values (7, 1, 7, 4, 12, '2019-5-20 0:0:0', 5);

insert into CASHREGISTER (ID_TRANSACTION, ID_PRODUCT, ID_CASHIER, ID_PERSON, AMOUNT, DATE, TOTAL) values (5, 1, 13, 8, 15, '2020-7-1 10:22:6', 13);

insert into CASHREGISTER (ID_TRANSACTION, ID_PRODUCT, ID_CASHIER, ID_PERSON, AMOUNT, DATE, TOTAL) values (6, 14, 13, 1, 1, '2020-1-18 6:57:34', 19);

insert into CASHREGISTER (ID_TRANSACTION, ID_PRODUCT, ID_CASHIER, ID_PERSON, AMOUNT, DATE, TOTAL) values (11, 17, 4, 5, 0, '2019-9-8 3:21:6', 7);

insert into CASHREGISTER (ID_TRANSACTION, ID_PRODUCT, ID_CASHIER, ID_PERSON, AMOUNT, DATE, TOTAL) values (14, 12, 0, 19, 13, '2020-9-12 12:20:20', 8);

insert into CASHREGISTER (ID_TRANSACTION, ID_PRODUCT, ID_CASHIER, ID_PERSON, AMOUNT, DATE, TOTAL) values (3, 5, 14, 2, 6, '2021-2-24 17:1:9', 9);

insert into CASHREGISTER (ID_TRANSACTION, ID_PRODUCT, ID_CASHIER, ID_PERSON, AMOUNT, DATE, TOTAL) values (16, 16, 7, 12, 11, '2020-10-12 13:31:17', 6);

insert into CASHREGISTER (ID_TRANSACTION, ID_PRODUCT, ID_CASHIER, ID_PERSON, AMOUNT, DATE, TOTAL) values (18, 19, 15, 19, 8, '2019-11-14 4:37:6', 2);

insert into CASHREGISTER (ID_TRANSACTION, ID_PRODUCT, ID_CASHIER, ID_PERSON, AMOUNT, DATE, TOTAL) values (9, 4, 15, 11, 5, '2020-5-20 9:36:5', 18);

insert into CASHREGISTER (ID_TRANSACTION, ID_PRODUCT, ID_CASHIER, ID_PERSON, AMOUNT, DATE, TOTAL) values (10, 11, 15, 16, 16, '2019-12-16 5:39:14', 4);

insert into CASHREGISTER (ID_TRANSACTION, ID_PRODUCT, ID_CASHIER, ID_PERSON, AMOUNT, DATE, TOTAL) values (1, 19, 8, 11, 9, '2019-9-26 4:1:15', 10);

insert into CASHREGISTER (ID_TRANSACTION, ID_PRODUCT, ID_CASHIER, ID_PERSON, AMOUNT, DATE, TOTAL) values (2, 14, 17, 15, 7, '2020-4-7 8:59:33', 15);

insert into CASHREGISTER (ID_TRANSACTION, ID_PRODUCT, ID_CASHIER, ID_PERSON, AMOUNT, DATE, TOTAL) values (15, 1, 9, 6, 10, '2020-2-14 7:33:17', 11);

insert into CASHREGISTER (ID_TRANSACTION, ID_PRODUCT, ID_CASHIER, ID_PERSON, AMOUNT, DATE, TOTAL) values (13, 13, 3, 1, 2, '2021-3-29 17:57:1', 14);

insert into CASHREGISTER (ID_TRANSACTION, ID_PRODUCT, ID_CASHIER, ID_PERSON, AMOUNT, DATE, TOTAL) values (19, 10, 11, 4, 18, '2020-7-25 11:6:23', 0);

insert into CASHREGISTER (ID_TRANSACTION, ID_PRODUCT, ID_CASHIER, ID_PERSON, AMOUNT, DATE, TOTAL) values (8, 5, 17, 17, 14, '2020-12-1 14:40:26', 16);

insert into CASHREGISTER (ID_TRANSACTION, ID_PRODUCT, ID_CASHIER, ID_PERSON, AMOUNT, DATE, TOTAL) values (17, 16, 3, 2, 3, '2019-7-19 1:43:23', 3);

insert into CASHREGISTER (ID_TRANSACTION, ID_PRODUCT, ID_CASHIER, ID_PERSON, AMOUNT, DATE, TOTAL) values (0, 19, 2, 2, 4, '2019-6-17 1:5:59', 17);

insert into CASHREGISTER (ID_TRANSACTION, ID_PRODUCT, ID_CASHIER, ID_PERSON, AMOUNT, DATE, TOTAL) values (12, 8, 7, 6, 19, '2021-5-6 18:45:59', 12);

insert into CASHREGISTER (ID_TRANSACTION, ID_PRODUCT, ID_CASHIER, ID_PERSON, AMOUNT, DATE, TOTAL) values (4, 3, 2, 16, 17, '2021-1-2 16:9:34', 1);

insert into PATIENTBOOK (ID_PATIENTBOOK, ID_PATIENT, DEPARTEMENT, DESCRIPTION, DATE, RESULTATS) values (13, 14, 'A44lZ7', 'Jcu0oR', '2020-5-17 9:3:24', 'NpxPBH');

insert into PATIENTBOOK (ID_PATIENTBOOK, ID_PATIENT, DEPARTEMENT, DESCRIPTION, DATE, RESULTATS) values (5, 11, '5N7wC2', 'I0fDHZ', '2019-12-30 6:6:20', 'IiwT7P');

insert into PATIENTBOOK (ID_PATIENTBOOK, ID_PATIENT, DEPARTEMENT, DESCRIPTION, DATE, RESULTATS) values (9, 11, '8MKEWu', 'B U7qP', '2020-3-26 8:24:12', 'Eq2yit');

insert into PATIENTBOOK (ID_PATIENTBOOK, ID_PATIENT, DEPARTEMENT, DESCRIPTION, DATE, RESULTATS) values (4, 14, 'Sqq jl', 'OOrR9u', '2020-7-4 10:20:6', 'K6xCi4');

insert into PATIENTBOOK (ID_PATIENTBOOK, ID_PATIENT, DEPARTEMENT, DESCRIPTION, DATE, RESULTATS) values (7, 12, 'WsBqmd', 'FtaNCD', '2019-11-25 5:26:57', 'QqpbdE');

insert into PATIENTBOOK (ID_PATIENTBOOK, ID_PATIENT, DEPARTEMENT, DESCRIPTION, DATE, RESULTATS) values (11, 3, 'ZfqeFm', 'WCT 9w', '2019-10-9 4:13:30', 'B1dEMw');

insert into PATIENTBOOK (ID_PATIENTBOOK, ID_PATIENT, DEPARTEMENT, DESCRIPTION, DATE, RESULTATS) values (14, 12, 'R4mD8U', '7EZPFP', '2021-2-13 16:11:47', 'YRmg3Z');

insert into PATIENTBOOK (ID_PATIENTBOOK, ID_PATIENT, DEPARTEMENT, DESCRIPTION, DATE, RESULTATS) values (18, 19, 'Ej9PYZ', '9xjOG2', '2019-8-19 2:36:43', '6bItmK');

insert into PATIENTBOOK (ID_PATIENTBOOK, ID_PATIENT, DEPARTEMENT, DESCRIPTION, DATE, RESULTATS) values (0, 9, '9nOShF', '7R6nNw', '2021-3-10 17:7:31', 'VU1G3L');

insert into PATIENTBOOK (ID_PATIENTBOOK, ID_PATIENT, DEPARTEMENT, DESCRIPTION, DATE, RESULTATS) values (16, 13, 'Y87e9Q', 'YHti7C', '2019-7-10 1:7:6', 'FOhJ X');

insert into PATIENTBOOK (ID_PATIENTBOOK, ID_PATIENT, DEPARTEMENT, DESCRIPTION, DATE, RESULTATS) values (12, 3, 'Ole sV', 'OxUZhR', '2020-8-21 10:54:27', 'JOMLru');

insert into PATIENTBOOK (ID_PATIENTBOOK, ID_PATIENT, DEPARTEMENT, DESCRIPTION, DATE, RESULTATS) values (2, 19, 'Fyx oU', 'HGhJPe', '2021-5-1 18:29:37', 'Rx0oqg');

insert into PATIENTBOOK (ID_PATIENTBOOK, ID_PATIENT, DEPARTEMENT, DESCRIPTION, DATE, RESULTATS) values (3, 6, '5sqCCh', 'TqQbMf', '2020-9-13 12:30:11', 'Crun9N');

insert into PATIENTBOOK (ID_PATIENTBOOK, ID_PATIENT, DEPARTEMENT, DESCRIPTION, DATE, RESULTATS) values (10, 19, 'V20cLX', ' lUl7a', '2021-1-11 14:46:17', '6YQ6mS');

insert into PATIENTBOOK (ID_PATIENTBOOK, ID_PATIENT, DEPARTEMENT, DESCRIPTION, DATE, RESULTATS) values (17, 4, 'HYBYVO', ' eovHL', '2019-5-20 0:0:0', 'SFLgoF');

insert into PATIENTBOOK (ID_PATIENTBOOK, ID_PATIENT, DEPARTEMENT, DESCRIPTION, DATE, RESULTATS) values (8, 7, '841hQa', 'PfZ6vL', '2020-11-23 14:7:26', 'MffkAx');

insert into PATIENTBOOK (ID_PATIENTBOOK, ID_PATIENT, DEPARTEMENT, DESCRIPTION, DATE, RESULTATS) values (19, 19, 'Z5rsXv', 'VtFvQS', '2020-10-8 13:8:42', 'REcWe8');

insert into PATIENTBOOK (ID_PATIENTBOOK, ID_PATIENT, DEPARTEMENT, DESCRIPTION, DATE, RESULTATS) values (15, 12, 'IhPdEH', 'E1Jorc', '2020-2-18 7:22:2', 'TP9NIL');

insert into PATIENTBOOK (ID_PATIENTBOOK, ID_PATIENT, DEPARTEMENT, DESCRIPTION, DATE, RESULTATS) values (6, 19, 'DwVq8m', 'PI2Obj', '2020-5-17 9:3:24', 'ZBno69');

insert into PATIENTBOOK (ID_PATIENTBOOK, ID_PATIENT, DEPARTEMENT, DESCRIPTION, DATE, RESULTATS) values (1, 2, 'BOBjWt', 'Kyb w6', '2019-12-30 6:6:20', '1VdOhZ');

